name,count,rarity
ultimate,0,0.0
legendary,11,0.0107421875
gold,17,0.0166015625
silver,130,0.126953125
ordinary,866,0.845703125
